1/3/2024 00:10:00,Pooja Fish,D02H123,55000,18/3/2024
1/3/2024 10:00:00,Jane Doe,D03AB45,42000,25/3/2024
1/3/2024 17:30:00,Michael Johnson,D04C678,65000,13/3/2024
4/3/2024 13:20:00,Emily Johnson,D05EF90,37000,14/3/2024
5/3/2024 07:30:00,Liam Murphy,D06GH12,48000,25/3/2024
5/3/2024 11:40:00,Sophia Patel,D07IJ34,58000,20/3/2024
5/3/2024 14:00:00,Noah O'Connor,D08KL56,31000,13/3/2024
8/3/2024 02:10:00,Olivia Byrne,D09MN78,69000,26/3/2024
8/3/2024 18:30:00,Ethan Kelly,D10OP90,44000,22/3/2024
10/3/2024 20:50:00,Ava O'Sullivan,D11QR12,60000,21/3/2024
11/3/2024 21:00:00,Mason Fitzgerald,D12ST34,43000,30/3/2024
11/3/2024 21:30:00,Isabella Ryan,D13UV56,59000,21/3/2024
11/3/2024 15:40:00,Lucas Walsh,D14WX78,35000,25/3/2024
14/3/2024 00:10:00,Chloe Anderson,D15YZ90,68000,29/3/2024
14/3/2024 13:05:00,Marcus Lee,D16AB12,52000,21/3/2024
16/3/2024 16:40:00,Isabella Martinez,D17CD34,42000,25/3/2024
17/3/2024 10:10:00,Caleb Brown,D18EF56,61000,31/3/2024
17/3/2024 09:50:00,Sophia Nguyen,D19GH78,39000,23/3/2024
17/3/2024 15:40:00,Xavier Garcia,D20IJ90,66000,31/3/2024
17/3/2024 11:32:00,Madison Taylor,D21KL12,48000,2/4/2024
17/3/2024 22:56:00,Elijah Rodriguez,D22MN34,87654,29/3/2024
22/3/2024 16:40:00,Harper Smith,D23OP56,54321,31/3/2024
22/3/2024 08:30:00,Aiden Kim,D24QR78,32109,2/4/2024
24/3/2024 17:30:00,Smith Row,D25ST90,87654,4/4/2024
25/3/2024 10:35:00,Janice Shah,D26UV12,12345,6/4/2024
25/3/2024 14:45:00,John Smith,D27WX34,65432,8/4/2024
25/03/2024 18:30:00,Olivia Parker,D28YZ56,98765,9/4/2024
28/3/2024 13:20:00,Ethan Campbell,D29AB78,54321,10/4/2024
28/3/2024 17:48:00,Ava Thompson,D30CD90,32109,11/4/2024